5.59E-07,electric Field
5.93E-07,magnetic Field
3.03E-06,kinetic energy
3.28E-06,potential energy
3.90E-06,Field
6.32E-06,energy
8.31E-06,page
8.43E-06,Field lines
9.23E-06,key idea
1.15E-05,force
1.31E-05,Field magnitude
1.36E-05,Field due
1.42E-05,key ideas
1.43E-05,electric potential
1.67E-05,sample problem
1.72E-05,problem
1.89E-05,potential difference
2.05E-05,gravitational force
2.08E-05,mass energy
2.09E-05,Find
2.10E-05,fig.
2.27E-05,First Find
2.37E-05,speed
2.37E-05,point
2.46E-05,First
2.51E-05,magnetic force
2.51E-05,Field vector
2.56E-05,angular speed
2.56E-05,mass
2.61E-05,net force
2.76E-05,point charge
2.90E-05,charge
2.93E-05,magnitude
3.00E-05,part
3.29E-05,angular momentum
3.36E-05,electric
3.43E-05,magnetic
3.45E-05,particle
3.61E-05,First law
4.01E-05,magnetic dipole
4.03E-05,current
4.08E-05,potential
4.09E-05,thermal energy
4.13E-05,wave
4.17E-05,Field produced
4.37E-05,answer
4.58E-05,positive direction
4.66E-05,electric field
4.82E-05,total energy
4.86E-05,Field set
4.91E-05,time
4.93E-05,force magnitude
5.17E-05,constant speed
5.28E-05,Fields
5.43E-05,direction
5.54E-05,waves
5.61E-05,wave speed
5.65E-05,magnetic field
5.68E-05,light
5.73E-05,electron
5.97E-05,mechanical energy
6.02E-05,ssm
6.10E-05,electric force
6.21E-05,forces
6.40E-05,net Field
6.73E-05,fermi energy
6.90E-05,uniform magnetic
7.38E-05,electric charge
7.42E-05,light waves
7.52E-05,Field line
7.55E-05,angular
7.64E-05,energy levels
7.94E-05,law
7.99E-05,charge density
8.11E-05,positive charge
8.27E-05,distance
8.28E-05,constant
8.30E-05,horizontal force
8.39E-05,net electric
8.46E-05,system
8.50E-05,shows
8.60E-05,particles
8.67E-05,angle
8.86E-05,Figure shows
8.90E-05,number
8.91E-05,net magnetic
8.94E-05,particle moves
8.96E-05,initial speed
9.06E-05,electrons
9.09E-05,kinetic
9.10E-05,Field direction
9.22E-05,angular frequency
9.28E-05,Field component
9.28E-05,internal energy
9.30E-05,magnetic energy
9.41E-05,work
9.55E-05,angular acceleration
9.56E-05,gaussian surface
9.65E-05,energy density
9.70E-05,surface charge
9.75E-05,points
9.86E-05,frictional force
9.93E-05,additional problems
0.000100213,net charge
0.000100503,force acts
0.000103464,constant force
0.000105598,energy difference
0.000106792,Field directed
0.000109896,electrostatic force
0.000111122,electric dipole
0.000111721,sound waves
0.000111836,hallidayrevised
0.000112336,total mass
0.000113019,Field inside
0.000113708,force acting
0.000113735,acceleration
0.000114719,equation
0.000117078,center
0.000118278,time interval
0.000118363,length
0.000121642,halliday
0.000121943,gravitational potential
0.000122403,surface
0.000124569,angular velocity
0.000125559,current density
0.000125561,vector
0.000125931,velocity
0.000126656,applied force
0.000128431,mass number
0.000128431,block
0.000128819,points aand
0.000129109,axis
0.000130385,ssm halliday
0.00013348,radius
0.000133915,table
0.000134038,net
0.000134065,spring force
0.000134067,problems
0.000134288,path length
0.000134599,change
0.000135237,charged particle
0.000135596,motion
0.000138891,linear momentum
0.000139154,Kinetic Field
0.000142479,negative charge
0.000143483,external force
0.000143541,key
0.000144115,idea
0.000144181,16:13 page
0.000144944,external Field
0.000145485,quantum number
0.000146186,difference
0.000146959,normal force
0.000146986,central axis
0.000155657,Final state
0.000157151,13:11 page
0.000158162,positive
0.000158667,time constant
0.000164599,energy transferred
0.000166393,dipole moment
0.000169954,length difference
0.000170753,force due
0.000171673,temperature
0.000172024,due
0.000172648,position vector
0.000174177,gas
0.000181088,rest energy
0.000181608,phase difference
0.000183322,state
0.000184021,section
0.00018643,momentum
0.000187096,net work
0.000187183,wavelength
0.000187206,wave equation
0.000187583,ideal gas
0.000191335,charges
0.000192938,negative direction
0.000194032,electromagnetic waves
0.000194464,matter wave
0.000194678,conduction electrons
0.000195094,constant acceleration
0.000196749,figure
0.00019919,vertical axis
0.000199488,density
0.000199727,electric current
0.000201423,phase constant
0.000201792,constant angular
0.000203375,uniform electric
0.000205221,Final
0.000205331,earth
0.0002057,wave number
0.000206284,path
0.000206915,energy transfers
0.000207426,ideas
0.000209446,photon energy
0.000216992,Field induced
0.000219077,average speed
0.000219838,First wave
0.000221052,Field equal
0.000221749,average force
0.000222527,angular wave
0.000222593,equal
0.000223098,point source
0.000223288,object
0.000225052,rate
0.00022537,forces act
0.000226757,gauss law
0.00022687,electron mass
0.000227422,physics
0.000227969,wire
0.000228138,tric Field
0.00022838,idea halliday
0.000229736,17:13 page
0.000230232,force vectors
0.000230642,alpha particle
0.000232162,applied Field
0.000233038,energy due
0.000233134,energy of
0.000233256,binding energy
0.000233395,move
0.000234242,frequency
0.000234412,moves
0.000234603,body
0.000237182,energy stored
0.000238943,Field forces
0.000239225,angular position
0.000239566,First particle
0.000241393,line
0.000241426,constant velocity
0.000241636,number density
0.00024644,atoms
0.000248192,atom
0.000252161,harmonic motion
0.000252782,wave function
0.000253131,aand
0.000253689,Fixed point
0.000256836,displacement current
0.000259803,magnetic Flux
0.00025987,First answer
0.000260006,initial
0.000260229,particle moving
0.000260316,end
0.000262496,position
0.000263395,uniform
0.000264893,energy state
0.000265822,charge carriers
0.000267365,12:19 page
0.000268834,capacitor
0.000272556,dipole Field
0.000275441,energy function
0.000276205,force law
0.00027724,Fixed
0.000277526,11:24 page
0.000279233,uniform charge
0.000282147,idea Field
0.000282505,First point
0.000284516,net energy
0.000284713,First note
0.000286434,pressure
0.000289118,linear speed
0.000291318,water
0.000291655,vectors
0.000292193,ground state
0.000292621,cross section
0.000293249,gives
0.000293682,Fields due
0.000294538,sample
0.000294999,12:50 page
0.000295234,spring constant
0.000295302,unit
0.000297622,circular motion
0.000298112,shown
0.000298186,loop
0.000298747,current amplitude
0.000299169,10:13 page
0.000299815,horizontal
0.000303831,dipole
0.000304136,field
0.000305446,transfers energy
0.000308651,22:16 page
0.000309115,maximum
0.000311175,point pis
0.000311296,16:26 page
0.000311526,10:58 page
0.00031178,ilw
0.000313569,vector sum
0.000314233,set
0.000314247,First time
0.000314512,wave traveling
0.000314742,initial state
0.000315014,energy changes
0.000315886,Final point
0.000315938,energy uof
0.00031952,show
0.00032132,First vector
0.000321734,molar mass
0.000321855,heat
0.000324067,10:53 page
0.000328932,Figure
0.000329855,hydrogen atom
0.000330039,standing wave
0.000330211,field due
0.000330782,equations
0.000331312,volume
0.00033181,speeds
0.000334493,light rays
0.000335216,15:56 page
0.000336263,14:35 page
0.000337442,14:44 page
0.000341115,Find First
0.000341223,kinetic friction
0.000341915,rotation axis
0.000342395,10:16 page
0.000343684,focal point
0.000345046,Field points
0.000347361,total
0.00034749,negative
0.00034831,external magnetic
0.000349586,work wdone
0.000350266,parallel
0.000350445,10:26 page
0.000350933,16:19 page
0.000355854,assume
0.000356053,magnitudes
0.000358525,point pon
0.000359312,moving
0.000359354,12:30 page
0.00035947,axis scale
0.000364059,form
0.000364501,22:09 page
0.000365246,directions
0.000365597,electron energy
0.000367266,mass mis
0.000371432,magnetic moment
0.000376813,total charge
0.000377225,relative speed
0.000377815,12:40 page
0.000378375,12:43 page
0.000380073,wave travels
0.000380335,area
0.000380424,First minimum
0.000380942,upward force
0.000381095,circular
0.000385942,chapter
0.000388136,electric Flux
0.000388194,air
0.000389982,energy equal
0.000392609,positive First
0.000393249,resultant wave
0.000393537,ball
0.000393822,unit volume
0.000396067,potential due
0.000399235,velocity Field
0.000400745,16:08 page
0.000400914,lines
0.000401365,wileyplus halliday
0.000403464,initial velocity
0.000403982,variable force
0.000404896,gravitational
0.000405855,circular path
0.000408166,states
0.000409158,times
0.000410231,wave moves
0.000412743,parts
0.000413292,phase
0.000414862,Final temperature
0.000415843,First side
0.000416231,relative
0.000417044,side
0.000418886,drag force
0.000420203,12:03 page
0.000421255,Fields set
0.000421353,component
0.000422457,10:02 page
0.00042283,maximum energy
0.000423895,initial energy
0.00042403,First diffraction
0.000424264,charged
0.000424573,displacement
0.00042505,unit charge
0.000425393,problem difFiculty
0.000425432,velocity vector
0.000427275,straight line
0.00042986,object distance
0.000430325,maximum speed
0.000432704,currents
0.000433627,Fields form
0.000435058,Find equations
0.000436633,12:36 page
0.00043944,initial kinetic
0.000439848,13:17 page
0.000440222,Find energy
0.000440222,energy Find
0.000440223,21:35 page
0.000440842,21:40 page
0.000440874,average velocity
0.000441985,Fixed axis
0.000442396,linear
0.000442527,14:16 page
0.000442667,15:34 page
0.000442804,tion
0.000442933,14:32 page
0.000443065,14:30 page
0.000444738,10:55 page
0.000444903,12:37 page
0.000445697,write
0.000449342,energy curve
0.000449851,test charge
0.000449914,electric energy
0.000450248,linear charge
0.000450708,opposite directions
0.000454423,greatest First
0.000456009,energy andco
0.000456035,long
0.000456293,string
0.000457355,circuit
0.000458165,Final speed
0.000458678,induced electric
0.000459672,traveling wave
0.000461363,constant rate
0.000464241,mass units
0.000464266,rays
0.00046521,emf
0.000467485,13:14 page
0.000467948,vertical
0.000470229,sound
0.000470283,image
0.000470367,horizontal axis
0.000470414,First term
0.000471649,plane
0.000472089,quantum physics
0.000475014,Final image
0.000477699,calculations
0.000478064,hallidayrevised energy
0.000478172,particles Fixed
0.000478294,volume charge
0.000478376,rms speed
0.000478856,additional
0.000479302,12:15 page
0.000479983,average
0.000480763,First energy
0.000481609,initial point
0.000482773,central
0.000483765,energy increases
0.000485751,First surface
0.000486125,charge quantum
0.000486588,quantum
0.00048769,external electric
0.000488429,electron moves
0.000489269,amplitude
0.000490256,uniform circular
0.000492321,simple harmonic
0.000497816,tutoring problem
0.000497994,image distance
0.000499747,changes
0.00050688,numbers
0.000507667,electrical energy
0.00050789,particle due
0.000508552,sun
0.000509774,sin
0.000509806,left
0.000509994,First excited
0.000511963,rod
0.000512262,diffraction
0.000513712,level
0.000516697,called
0.000518461,function
0.000519121,spin magnetic
0.000519509,22:12 page
0.000520284,First problem
0.000522148,rest
0.000522249,11:12 page
0.000522625,15:00 page
0.00052296,10:42 page
0.000522979,vector points
0.000524574,charge magnitude
0.000527165,resistance
0.000528981,relative motion
0.000529541,long time
0.000529577,energy theorem
0.000536282,thermal
0.000537274,constant pressure
0.000537322,Find force
0.000538307,components
0.00053874,energy released
0.0005395,radial distance
0.00054015,force component
0.00054026,question
0.000541017,student solutions
0.00054162,solutions manual
0.00054248,induced Field
0.000543941,acceleration magnitude
0.000544492,average energy
0.000545432,point particles
0.00054888,vertical force
0.000552399,car
0.000552896,aand bare
0.000554752,atomic mass
0.000556752,maximum charge
0.00055918,induced magnetic
0.000559316,shows part
0.00056117,gaussian
0.000563345,spring
0.000563528,energy eis
0.000563867,block moves
0.000566451,First electron
0.000568443,Rotational force
0.000568448,current First
0.000571856,mass mand
0.00057198,equation gives
0.000574286,find
0.000574458,note
0.000576221,unit length
0.000577849,lowest energy
0.000578537,rotational kinetic
0.000580654,energy required
0.000585362,light ray
0.000585978,stored energy
0.00058672,current loop
0.000587042,fields due
0.000590176,ideal
0.000591694,total number
0.000593052, halliday
0.000594947,perpendicular
0.000595411,gravitational acceleration
0.000595469,rotational inertia
0.000598154,entropy change
0.000598855,Field exerts
0.000599158,Finite potential
0.000600685,substituting
0.000601135,uniform Field
0.000601209,field lines
0.000601616,force applied
0.000606196,inFinite potential
0.000607218,energy kof
0.000610269,induced current
0.000611517,positive work
0.000611803,answers
0.000616558,12:25 page
0.000617618,waves travel
0.000619099,Field applied
0.000621035,earthõs Field
0.000622772,force directed
0.000624683,sphere
0.000625124,higher energy
0.000625636,horizontal distance
0.000627673,initial charge
0.000628546,negative work
0.000629847,equal magnitudes
0.00063192,Final mass
0.000631984,moving particle
0.000633056,unit mass
0.00063413,calculate
0.00063457,time rate
0.000636151,point object
0.000636242,material
0.000637559,perpendicular distance
0.000638613,magnetic wave
0.000640108,distance rfrom
0.00064119,Final velocity
0.000649383,applied potential
0.000649551,element
0.000649611,hint
0.000649759,interference
0.000650643,constant magnitude
0.000651624,rotation
0.000653673,lower energy
0.000653796,vector Field
0.000655807,Field shown
0.000656855,left side
0.000657617,probability density
0.000660085,total kinetic
0.000660879,mass mof
0.000661052,electron due
0.000662264,charge moves
0.000664818,maximum kinetic
0.000668386,negligible mass
0.000671481,energy problem
0.000671602,positive point
0.000671741,10:54 page
0.000674472,12:32 page
0.000674992,net current
0.000675069,constant volume
0.000682445,scale
0.000682833,collision
0.000683595,charge qis
0.000685038,torque
0.000689995,temperature change
0.000691579,speed relative
0.000693934,checkpoint
0.000695408,Field oscillations
0.000695681,Final volume
0.000699844,applied
0.000707476,directed
0.000708553,greater
0.000709303,flying circus
0.0007123,source
0.000712742,First equation
0.00071562,additional energy
0.000716417,buoyant force
0.000716505,netic energy
0.000717246,constant current
0.000717585,broglie wavelength
0.000722272,power
0.000722556,gas law
0.000723743,linear acceleration
0.000724628,ground
0.000724797,ais
0.000726125,fig. ssm
0.000727037,earthõs surface
0.000728654,opposite
0.00073019,plate
0.000739189,First line
0.00074045,decay
0.000743261,ray
0.000744891,net wave
0.000745277,plates
0.000745754,point pin
0.000748234,electron moving
0.000748939,force equation
0.000749023,average rate
0.000750294,solution
0.00075137,table gives
0.000752949,Final potential
0.000754255,magnitude eof
0.000754403,unit time
0.000758176,potential changes
0.000759257,linear density
0.000761354,molecules
0.000762275,proton
0.000763138,conservative force
0.000764632,increase
0.000764798,Final waves
0.000766639,particles move
0.00076883,moment
0.000771155,vector equation
0.00077255,mass element
0.000774246,Fission
0.000778759,xaxis
0.000780157,beam
0.000780839,earthõs magnetic
0.000781964,11:11 page
0.000782561,15:18 page
0.000783016,intensity
0.000783952,force transfers
0.000786678,Final angular
0.000786917,edge length
0.000788377,charge distribution
0.000789142,angles
0.000790776,average acceleration
0.000793697,electrons move
0.00079413,Field changes
0.000798768,surface area
0.000803923,Find speed
0.000804238,point ato
0.000804238,ato point
0.000809079,disintegration energy
0.000812129,small
0.000813711,matter
0.000814106,travel
0.000814128,height
0.000819113,doppler effect
0.000819348,diffraction pattern
0.000819887,Final position
0.000822945,Final charge
0.000823684,nuclear charge
0.0008281,spin angular
0.00082844,maximum magnitude
0.000831954,quantum state
0.000832938,sec
0.000833742,energy gap
0.000834682,current iin
0.000835279,field magnitude
0.000836832,Field increases
0.000840327,mass mas
0.000845917,Field mag
0.000848855,energy conservation
0.000850988,velocity relative
0.000851267,top
0.00085338,center point
0.000853664,speed vof
0.000853976,incident light
0.000855674,magnetic quantum
0.000858921,sinusoidal wave
0.000860471,point bis
0.000860983,Final kinetic
0.000862168,First sheet
0.000863373,lens
0.00086521,First write
0.000866802,measured
0.00086775,First key
0.000868156,kinetic theory
0.000868782,process
0.000870263,particle physics
0.000870298,state university
0.000871069,energy qfor
0.000875737,band
0.000877166,parts aand
0.000880019,centripetal force
0.000881886,laws
0.000890852,rotational
0.000892596,speed vis
0.000894794,plane wave
0.000895766,net angular
0.000901131,wileyplus
0.000905282,First harmonic
0.000907254,10:39 page
0.000908803,wave pattern
0.000911728,light energy
0.000911728,energy light
0.000911771,nucleus
0.000915746,result
0.000919543,terminal speed
0.000920111,energy equation
0.00092061,12:44 page
0.000924238,22:13 page
0.000925754,carnot engine
0.00092608,maximum height
0.00092653,Field note
0.000927484,point ais
0.00092772,15:01 page
0.000927768,15:17 page
0.000929557,straight wire
0.000929632,rigid body
0.000933355,Find earth
0.000933443,page numbers
0.000935036,cos
0.000938246,sections
0.000938738,electron states
0.000942916,plot
0.000944332,single
0.000944771,magnitude equal
0.000945358,travel time
0.00094611,First charge
0.000946679,point image
0.000946741,area vector
0.000947493,First step
0.000947693,transverse wave
0.000947707,current due
0.000947774,terms
0.000948043,surfaces
0.000951598,orbital magnetic
0.000954379,First dark
0.000956299,single particle
0.000956762,lepton number
0.000957851,Field depends
0.000959244,battery
0.00096049,reference point
0.00096132,external
0.000966323,unit vectors
0.000967109,radius rand
0.000967718,curve
0.000969032,Field oscillate
0.000972583,simple
0.000973338,elastic potential
0.0009748,momentum magnitude
0.000983349,periodic table
0.000984565,constant temperature
0.000985929,faradayõs law
0.000986538,potential differ
0.000992337,vector components
0.000994736,applied electric
0.00099602,current changes
0.000997582,energy interval
0.000999527,frame
0.000999776,series
0.00099979,dipole axis
0.0010003,time tis
0.001001004,work function
0.001003665,angular form
0.001004058,video
0.001004301,point pat
0.001005035,maximum current
0.001012118,give
0.001017669,nuclear force
0.001018988,drift speed
0.001022727,focal length
0.001023243,reference frame
0.001025796,force changes
0.001026011,energy decreases
0.001027954,paths
0.00102866,light source
0.001030122,Field region
0.001035974,First order
0.00103744,fields
0.001037628,coulomb force
0.001040327,Final pressure
0.001040538,reference line
0.001041802,equal currents
0.001042989,red light
0.001046261,region
0.001049334,"thus,the energy"
0.001049943,angular displacement
0.00106189,constant horizontal
0.001066611,produced
0.001067655,workðkinetic energy
0.001071341,time required
0.001073301,ends
0.001073312,excess charge
0.001076008,air pressure
0.001078268,left end
0.001079176,length vector
0.001081114,First magnetic
0.00108408,capacitors
0.001088578,Field exists
0.001091411,acceleration vector
0.001093296,sum
0.001094207,initial angular
0.001100546,net gravitational
0.001101718,free charge
0.001101838,induced
0.001102673,point mass
0.001108849,long straight
0.001108948,area aand
0.001111026,ing
0.001111038,strong force
0.00111368,uniform surface
0.001116705,electromagnetic
0.001121217,coil
0.001121344,common point
0.001122917,interval
0.001123408,forces equations
0.00112436,nuclear
0.001124583,acts
0.001126333,central particle
0.001128915,ratio
0.001130142,particle speed
0.001130199,string element
0.001131526,pressure Field
0.001132652,oscillations
0.001132985,particle relative
0.001133143,single electron
0.001134771,photon
0.001135708,angular separation
0.001136075,practice
0.001139718,units
0.001139903,disk
0.001140899,magnetic component
0.001141264,straight
0.001141794,direction opposite
0.001141808,net potential
0.001146928,Fields gives
0.001147693,lowest point
0.001148631,unit energy
0.001150269,harmonic
0.001150642,spherical
0.001152286,Final net
0.001158307,objects
0.001159431,pattern
0.00116055,energy barrier
0.001161071,Field pro
0.001161314,reference
0.001163096,net external
0.001167481,length land
0.001168347,minimum energy
0.001169736,circular loop
0.001173135,energy range
0.001175078,torque due
0.001177147,wires
0.001177319,con
0.00117911,traveling
0.00117911,free path
0.001181076,particles form
0.001182459,initially
0.001182895,radius ris
0.001185697,friction
0.00118596,point moves
0.001187781,alternating current
0.001188054,electromagnetic force
0.001188434,chapter problems
0.001195921,net torque
0.001196877,initial position
0.001197484,particle travels
0.001200218,Film
0.001203241,excited state
0.001209811,internal Field
0.001210605,greater energy
0.001214151,particle aand
0.00121986,length lof
0.001223085,refraction
0.001227714,light travels
0.001231936,free
0.001236898,particle energy
0.001237658,elements
0.001238583,dis
0.001242766,thin
0.001244753,mirror
0.001245783,Flux
0.001246987,particle mass
0.001248177,polarizing direction
0.001254371,charge number
0.001262409,horizontal Field
0.001263695,wave form
0.001264798,central maximum
0.001267387,shows electric
0.001269253,unit area
0.001269611,vertical distance
0.001270832,equilibrium
0.001279553,blocks
0.001280853,physics physics
0.001285136,versus time
0.001285421,initial mass
0.001286064,orbital angular
0.001286904,object moves
0.001287155,First section
0.001288247,Field decreases
0.001290504,upward
0.001291313,maximum force
0.001292059,back
0.001293299,force constant
0.001294354,probability
0.001294374,aand Find
0.001294383,incident wave
0.001296692,nuclear physics
0.001297796,First assume
0.001303622,field vectors
0.001304769,circular Field
0.001311707,period
0.00131912,ilw halliday
0.001319972,atom mass
0.001321137,"thus,the Field"
0.001325397,velocity component
0.001325597,particle system
0.001328489,parallel currents
0.001328773,carnot
0.001329885,amperian loop
0.001329991,entropy
0.001330854,maximum Field
0.001331294,hydrogen
0.001332155,tion energy
0.001334966,wwwssm
0.001335388,force points
0.001335388,point force
0.00133642,electron speed
0.001337012,decay rate
0.001338502,electron wave
0.001339708,speed distribution
0.001342941,Five forces
0.001345483,energy halliday
0.001345728,speciFic heat
0.001345777,internal forces
0.001352321,wave moving
0.001354623,sign
0.001356063,electric circuits
0.00135875,magnetic materials
0.00136013,coordinate system
0.001361553,average power
0.001361631,difference vis
0.001361931,changing magnetic
0.001362308,crossed Fields
0.001364219,uniform density
0.001368529,levels
0.001369028,electron trapped
0.001372027,separation
0.001373607,phase angle
0.001380755,total Field
0.001382085,sound level
0.001382672,earthõs
0.001382693,incident
0.001384913,transferred
0.001385541,principle
0.001392723,mass unit
0.001397172,turning point
0.001397267,time axis
0.001398604,connected
0.001405283,protons
0.001409631,First position
0.001411632,highest point
0.001412498,large
0.001414171,string waves
0.001414908,average kinetic
0.001417184,magnetic resonance
0.00141866,mass equal
0.001425236,Field relative
0.001426414,distances
0.001427329,speed parameter
0.001431966,interference pattern
0.001434008,charge qand
0.001434515,Fixed particle
0.001439035,ideal battery
0.001441281,problem magnitude
0.001447552,circuits
0.001448365,total work
0.001452425,hallidayrevised sec
0.00145353,fermi
0.001455781,moving charges
0.001457024,measure
0.001458126,electron traps
0.001461534,ampereõs law
0.001462291,internal
0.001464427,baryon number
0.001468207,pis
0.001470788,images
0.001474844,energy bands
0.001478855,fermi speed
0.001479469,transfer
0.001487437,downward force
0.001492238,wire loop
0.001498396,vis
0.001504234,effect
